{
  "author": "Jason Dobry",
  "name": "angular-cache",
  "description": "angular-cache is a very useful replacement for Angular's $cacheFactory.",
  "homepage": "https://github.com/jmdobry/angular-cache",
  "repository": {
    "type": "git",
    "url": "https://github.com/jmdobry/angular-cache.git"
  },
  "main": "./dist/angular-cache.js",
  "ignore": [
    ".idea/",
    ".*",
    "*.iml",
    "src/",
    "bower_components/",
    "coverage/",
    "Gruntfile.js",
    "package.json",
    "CONTRIBUTING.md",
    "node_modules/",
    "test/",
    "karma.conf.js",
    "karma.start.js",
    "libpeerconnection.log"
  ],
  "devDependencies": {
    "angular-1.2.25": "angular#1.2.25",
    "angular-mocks-1.2.25": "angular-mocks#1.2.25"
  },
  "dependencies": {
    "angular": ">=1.x"
  },
  "version": "3.2.5",
  "_release": "3.2.5",
  "_resolution": {
    "type": "version",
    "tag": "3.2.5",
    "commit": "048e7a7c3e98e174992b365542b47a1a82ffe1a2"
  },
  "_source": "git://github.com/jmdobry/angular-cache.git",
  "_target": "~3.2.4",
  "_originalSource": "angular-cache"
}