{
  "name": "angular-messages",
  "version": "1.3.13",
  "main": "./angular-messages.js",
  "ignore": [],
  "dependencies": {
    "angular": "1.3.13"
  },
  "homepage": "https://github.com/angular/bower-angular-messages",
  "_release": "1.3.13",
  "_resolution": {
    "type": "version",
    "tag": "v1.3.13",
    "commit": "b9396c67a71af02ffb30a5543ff13253b4f50c06"
  },
  "_source": "git://github.com/angular/bower-angular-messages.git",
  "_target": "~1.3.8",
  "_originalSource": "angular-messages"
}