{
  "name": "angular-credit-cards",
  "version": "2.1.1",
  "homepage": "https://github.com/bendrucker/angular-credit-cards",
  "authors": [
    "Ben Drucker <bvdrucker@gmail.com>"
  ],
  "description": "Angular directives for formatting and validating credit card inputs",
  "main": "./release/angular-credit-cards.js",
  "moduleType": [
    "node"
  ],
  "keywords": [
    "angular",
    "credit",
    "card",
    "payments",
    "validation",
    "directive",
    "form"
  ],
  "license": "MIT",
  "ignore": [
    "**/.*",
    "node_modules",
    "bower_components",
    "components",
    "test",
    "tests"
  ],
  "dependencies": {
    "angular": "~1.3.0"
  },
  "devDependencies": {
    "angular-mocks": "~1.3.0"
  },
  "_release": "2.1.1",
  "_resolution": {
    "type": "version",
    "tag": "v2.1.1",
    "commit": "882d543dea6abcd614bfa2a04f23a3eef3a6b8da"
  },
  "_source": "git://github.com/bendrucker/angular-credit-cards.git",
  "_target": "~2.1.1",
  "_originalSource": "angular-credit-cards"
}