{
  "name": "angular-loading-bar",
  "version": "0.6.0",
  "main": [
    "build/loading-bar.js",
    "build/loading-bar.css"
  ],
  "ignore": [
    "**/.*",
    "node_modules",
    "components",
    "test",
    "example"
  ],
  "devDependencies": {
    "angular": "^1.2.9",
    "angular-1.3": "angular#1.3",
    "angular-mocks": "^1.2.9",
    "angular-mocks-1.3": "angular-mocks#1.3",
    "angular-animate": "^1.2.9",
    "angular-animate-1.3": "angular-animate#1.3"
  },
  "resolutions": {
    "angular": "1.2.23"
  },
  "homepage": "https://github.com/chieffancypants/angular-loading-bar",
  "_release": "0.6.0",
  "_resolution": {
    "type": "version",
    "tag": "0.6.0",
    "commit": "9015398813555eafd122d4b5aa541cc02eceeacb"
  },
  "_source": "git://github.com/chieffancypants/angular-loading-bar.git",
  "_target": "~0.6.0",
  "_originalSource": "angular-loading-bar"
}